pays,produit,unite,economie_pct,mois_moins_cher,mois_plus_cher,hausse_pct,periode_hausse,marches_hausse,chocs_pct,dernier_prix,date_dernier
Bénin,"Arachide (petite, en coque)",kg,8.0,11.0,5.0,31.0,2020-2025,45,1.0,878,2026-07
Bénin,Banane plantain,kg,15.0,1.0,6.0,35.0,2020-2025,7,42.0,655,2026-07
Bénin,Blé,kg,0.0,1.0,1.0,23.0,2020-2025,19,1.0,500,2026-07
Bénin,Carottes,kg,4.0,3.0,7.0,20.0,2020-2025,22,17.0,765,2026-07
Bénin,Chou,kg,5.0,2.0,6.0,16.0,2020-2025,18,28.0,583,2026-07
Bénin,Citrons,kg,34.0,10.0,5.0,13.0,2020-2025,40,52.0,333,2026-07
Bénin,Cossettes de manioc,kg,8.0,2.0,7.0,26.0,2020-2025,17,24.0,198,2026-07
Bénin,Crevettes,kg,4.0,9.0,3.0,15.0,2020-2025,9,30.0,7622,2026-07
Bénin,Escargots,kg,10.0,9.0,3.0,53.0,2020-2025,4,68.0,3055,2026-07
Bénin,Farine d'igname,kg,2.0,1.0,7.0,31.0,2020-2025,21,14.0,1000,2026-07
Bénin,Farine de blé importée,kg,0.0,1.0,1.0,20.0,2020-2025,39,3.0,500,2026-07
Bénin,Farine de manioc,kg,2.0,12.0,6.0,12.0,2020-2025,15,30.0,472,2026-07
Bénin,Gari,kg,10.0,3.0,7.0,17.0,2020-2025,50,6.0,254,2026-07
Bénin,Gari fin,kg,6.0,11.0,7.0,12.0,2020-2025,36,5.0,362,2026-07
Bénin,Gombo frais,kg,25.0,8.0,3.0,40.0,2020-2025,42,40.0,364,2026-07
Bénin,Haricots blancs,kg,11.0,1.0,9.0,30.0,2020-2025,50,6.0,553,2026-07
Bénin,Haricots noirs,kg,18.0,11.0,9.0,51.0,2020-2025,5,30.0,524,2026-07
Bénin,Haricots rouges,kg,12.0,12.0,5.0,25.0,2020-2025,39,10.0,496,2026-07
Bénin,Huile d'arachide,litre,5.0,1.0,12.0,57.0,2020-2025,49,3.0,1212,2026-07
Bénin,Huile de palme,litre,14.0,4.0,12.0,46.0,2020-2025,48,13.0,825,2026-07
Bénin,Huile de palmiste,kg,2.0,5.0,9.0,26.0,2020-2025,15,18.0,1162,2026-07
Bénin,Igname,kg,27.0,10.0,7.0,31.0,2020-2025,27,34.0,378,2026-07
Bénin,Igname blanche,kg,30.0,10.0,7.0,51.0,2020-2025,25,34.0,500,2026-07
Bénin,Igname jaune,kg,25.0,2.0,8.0,,2020-2025,0,60.0,560,2026-07
Bénin,Igname sèche,kg,8.0,2.0,8.0,30.0,2020-2025,14,41.0,532,2026-07
Bénin,Légumes-feuilles,kg,18.0,9.0,3.0,37.0,2020-2025,38,19.0,223,2026-07
Bénin,Manioc frais,kg,11.0,11.0,2.0,5.0,2020-2025,7,41.0,117,2026-07
Bénin,Maïs blanc,kg,22.0,11.0,5.0,15.0,2020-2025,49,17.0,148,2026-07
Bénin,Maïs jaune,kg,33.0,11.0,5.0,,2020-2025,0,23.0,151,2026-07
Bénin,Mil,kg,4.0,2.0,9.0,26.0,2020-2025,33,12.0,359,2026-07
Bénin,Noix de coco sèche,kg,2.0,1.0,10.0,47.0,2020-2025,35,10.0,434,2026-07
Bénin,Oignons,kg,35.0,3.0,11.0,37.0,2020-2025,50,45.0,486,2026-07
Bénin,Oranges,kg,14.0,10.0,4.0,7.0,2020-2025,47,26.0,166,2026-07
Bénin,Papaye,kg,9.0,1.0,5.0,29.0,2020-2025,20,38.0,285,2026-07
Bénin,Patate douce,kg,13.0,11.0,3.0,23.0,2020-2025,24,28.0,251,2026-07
Bénin,Piment rouge sec,kg,5.0,12.0,7.0,-20.0,2020-2025,43,14.0,2472,2026-07
Bénin,Pois secs,kg,7.0,2.0,10.0,20.0,2020-2025,21,14.0,586,2026-07
Bénin,Poisson frais,kg,1.0,1.0,7.0,20.0,2020-2025,46,0.0,1600,2026-07
Bénin,Pommes de terre,kg,4.0,1.0,12.0,33.0,2020-2025,22,4.0,1033,2026-07
Bénin,Riz brisé local,kg,4.0,12.0,5.0,,2020-2025,0,8.0,426,2026-07
Bénin,Riz décortiqué local,kg,5.0,12.0,8.0,,2020-2025,0,0.0,440,2026-07
Bénin,Riz importé,kg,0.0,1.0,8.0,26.0,2020-2025,50,0.0,532,2026-07
Bénin,Riz local,kg,3.0,1.0,9.0,24.0,2020-2025,26,4.0,390,2026-07
Bénin,Riz paddy,kg,10.0,11.0,9.0,-34.0,2020-2025,5,41.0,174,2026-07
Bénin,Soja,kg,10.0,1.0,9.0,29.0,2020-2025,48,6.0,372,2026-07
Bénin,Sorgho,kg,5.0,2.0,10.0,11.0,2020-2025,30,10.0,294,2026-07
Bénin,Sorgho rouge,kg,7.0,3.0,10.0,5.0,2020-2025,47,1.0,303,2026-07
Bénin,Tapioca,kg,4.0,3.0,7.0,33.0,2020-2025,47,4.0,694,2026-07
Bénin,Taro,kg,8.0,11.0,3.0,,2020-2025,2,64.0,333,2026-07
Bénin,Tilapia,kg,1.0,1.0,12.0,29.0,2020-2025,17,1.0,2100,2026-07
Bénin,Tomates,kg,48.0,9.0,5.0,27.0,2020-2025,47,55.0,522,2026-07
Bénin,Voandzou,kg,10.0,2.0,9.0,63.0,2020-2025,46,3.0,815,2026-07
Niger,Huile végétale,litre,,,,,2020-2025,0,,1183,2026-08
Niger,Maïs,kg,21.0,11.0,8.0,20.0,2020-2025,48,9.0,198,2026-08
Niger,Mil,kg,26.0,11.0,8.0,16.0,2020-2025,51,14.0,272,2026-08
Niger,Niébé,kg,,,,,2020-2025,0,,400,2026-08
Niger,Riz importé,kg,1.0,1.0,8.0,23.0,2020-2025,51,1.0,500,2026-08
Niger,Riz local,kg,12.0,11.0,7.0,31.0,2020-2025,7,11.0,485,2026-08
Niger,Sel,kg,,,,,2020-2025,0,,263,2026-08
Niger,Sorgho,kg,27.0,12.0,8.0,17.0,2020-2025,48,16.0,237,2026-08
Sénégal,Arachide décortiquée,kg,19.0,12.0,7.0,,2020-2025,0,18.0,800,2026-07
Sénégal,Arachide en coque,kg,25.0,12.0,9.0,,2020-2025,0,38.0,375,2026-07
Sénégal,Maïs importé,kg,7.0,12.0,7.0,26.0,2020-2025,20,4.0,300,2026-07
Sénégal,Maïs local,kg,15.0,12.0,8.0,26.0,2020-2025,26,9.0,300,2026-07
Sénégal,Mil,kg,13.0,12.0,8.0,15.0,2020-2025,35,8.0,325,2026-07
Sénégal,Niébé,kg,23.0,12.0,8.0,46.0,2020-2025,26,14.0,850,2026-07
Sénégal,Riz importé,kg,3.0,1.0,3.0,17.0,2020-2025,37,4.0,325,2026-07
Sénégal,Riz local,kg,3.0,1.0,5.0,39.0,2020-2025,18,1.0,406,2026-07
Sénégal,Riz ordinaire,kg,0.0,1.0,2.0,20.0,2020-2025,29,1.0,500,2026-07
Sénégal,Sorgho,kg,11.0,12.0,9.0,36.0,2020-2025,20,19.0,350,2026-07
Sénégal,Sorgho importé,kg,10.0,12.0,3.0,,2020-2025,0,12.0,338,2026-07
Togo,Gari,kg,16.0,1.0,7.0,62.0,2020-2025,37,13.0,351,2026-08
Togo,Haricots blancs,kg,30.0,1.0,9.0,179.0,2020-2025,39,14.0,505,2026-08
Togo,Haricots rouges,kg,13.0,2.0,8.0,66.0,2020-2025,39,21.0,414,2026-08
Togo,Maïs blanc,kg,19.0,1.0,8.0,87.0,2020-2025,37,16.0,154,2026-08
Togo,Mil,kg,10.0,2.0,11.0,51.0,2020-2025,38,15.0,357,2026-08
Togo,Riz local,kg,9.0,1.0,10.0,30.0,2020-2025,39,5.0,432,2026-08
Togo,Soja,kg,22.0,1.0,9.0,74.0,2020-2025,39,19.0,342,2026-08
Togo,Sorgho rouge,kg,16.0,1.0,10.0,43.0,2020-2025,39,10.0,262,2026-08
